name,raised_salary
Carol,121000.00000000001
Alice,104500.00000000001
Eve,85800.0
Bob,79200.0
Dave,71500.0
